{"loss": [3.3503661155700684, 2.3121438026428223, 1.6920791864395142, 1.4334206581115723, 1.1837562322616577, 1.026296854019165, 0.9065611958503723, 0.8097278475761414, 0.7388298511505127, 0.7040214538574219], "accuracy": [0.0964062511920929, 0.34187498688697815, 0.5037500262260437, 0.5732812285423279, 0.6407812237739563, 0.6892187595367432, 0.7243750095367432, 0.7509375214576721, 0.765625, 0.7817187309265137], "val_loss": [2.716548442840576, 1.7922253608703613, 1.1724345684051514, 1.0799044370651245, 1.0662598609924316, 0.8671025037765503, 0.654632568359375, 0.6470361351966858, 0.5900492072105408, 0.5962786078453064], "val_accuracy": [0.20250000059604645, 0.4781250059604645, 0.6287500262260437, 0.6712499856948853, 0.6768749952316284, 0.7243750095367432, 0.8037499785423279, 0.7956249713897705, 0.8056250214576721, 0.8081250190734863]}